INSERT INTO opuscollege.person (id, personCode, surnameFull , firstnamesFull ,  genderCode,   birthdate) VALUES (600 , 'personcode600', 'teacher_600', 'a', '1', '1970-01-01'  );
INSERT INTO opuscollege.staffmember (staffmemberid, personid, staffmembercode, primaryunitofappointmentid) VALUES (600, 600, 'staffcode600', 18);
INSERT INTO opuscollege.opususer (id, personid, username, pw, preferredorganizationalunitid) VALUES (600, 600, 'teacher_600', '900150983cd24fb0d6963f7d28e17f72', 18);
INSERT INTO opuscollege.opususerrole (id, role, username, organizationalunitid) VALUES (600, 'teacher', 'teacher_600', 18);
INSERT INTO opuscollege.person (id, personCode, surnameFull , firstnamesFull ,  genderCode,   birthdate) VALUES (601 , 'personcode601', 'teacher_601', 'a', '1', '1970-01-01'  );
INSERT INTO opuscollege.staffmember (staffmemberid, personid, staffmembercode, primaryunitofappointmentid) VALUES (601, 601, 'staffcode601', 18);
INSERT INTO opuscollege.opususer (id, personid, username, pw, preferredorganizationalunitid) VALUES (601, 601, 'teacher_601', '900150983cd24fb0d6963f7d28e17f72', 18);
INSERT INTO opuscollege.opususerrole (id, role, username, organizationalunitid) VALUES (601, 'teacher', 'teacher_601', 18);
INSERT INTO opuscollege.person (id, personCode, surnameFull , firstnamesFull ,  genderCode,   birthdate) VALUES (602 , 'personcode602', 'teacher_602', 'a', '1', '1970-01-01'  );
INSERT INTO opuscollege.staffmember (staffmemberid, personid, staffmembercode, primaryunitofappointmentid) VALUES (602, 602, 'staffcode602', 18);
INSERT INTO opuscollege.opususer (id, personid, username, pw, preferredorganizationalunitid) VALUES (602, 602, 'teacher_602', '900150983cd24fb0d6963f7d28e17f72', 18);
INSERT INTO opuscollege.opususerrole (id, role, username, organizationalunitid) VALUES (602, 'teacher', 'teacher_602', 18);
INSERT INTO opuscollege.person (id, personCode, surnameFull , firstnamesFull ,  genderCode,   birthdate) VALUES (603 , 'personcode603', 'teacher_603', 'a', '1', '1970-01-01'  );
INSERT INTO opuscollege.staffmember (staffmemberid, personid, staffmembercode, primaryunitofappointmentid) VALUES (603, 603, 'staffcode603', 18);
INSERT INTO opuscollege.opususer (id, personid, username, pw, preferredorganizationalunitid) VALUES (603, 603, 'teacher_603', '900150983cd24fb0d6963f7d28e17f72', 18);
INSERT INTO opuscollege.opususerrole (id, role, username, organizationalunitid) VALUES (603, 'teacher', 'teacher_603', 18);
INSERT INTO opuscollege.person (id, personCode, surnameFull , firstnamesFull ,  genderCode,   birthdate) VALUES (604 , 'personcode604', 'teacher_604', 'a', '1', '1970-01-01'  );
INSERT INTO opuscollege.staffmember (staffmemberid, personid, staffmembercode, primaryunitofappointmentid) VALUES (604, 604, 'staffcode604', 18);
INSERT INTO opuscollege.opususer (id, personid, username, pw, preferredorganizationalunitid) VALUES (604, 604, 'teacher_604', '900150983cd24fb0d6963f7d28e17f72', 18);
INSERT INTO opuscollege.opususerrole (id, role, username, organizationalunitid) VALUES (604, 'teacher', 'teacher_604', 18);
INSERT INTO opuscollege.person (id, personCode, surnameFull , firstnamesFull ,  genderCode,   birthdate) VALUES (605 , 'personcode605', 'teacher_605', 'a', '1', '1970-01-01'  );
INSERT INTO opuscollege.staffmember (staffmemberid, personid, staffmembercode, primaryunitofappointmentid) VALUES (605, 605, 'staffcode605', 18);
INSERT INTO opuscollege.opususer (id, personid, username, pw, preferredorganizationalunitid) VALUES (605, 605, 'teacher_605', '900150983cd24fb0d6963f7d28e17f72', 18);
INSERT INTO opuscollege.opususerrole (id, role, username, organizationalunitid) VALUES (605, 'teacher', 'teacher_605', 18);
INSERT INTO opuscollege.person (id, personCode, surnameFull , firstnamesFull ,  genderCode,   birthdate) VALUES (606 , 'personcode606', 'teacher_606', 'a', '1', '1970-01-01'  );
INSERT INTO opuscollege.staffmember (staffmemberid, personid, staffmembercode, primaryunitofappointmentid) VALUES (606, 606, 'staffcode606', 18);
INSERT INTO opuscollege.opususer (id, personid, username, pw, preferredorganizationalunitid) VALUES (606, 606, 'teacher_606', '900150983cd24fb0d6963f7d28e17f72', 18);
INSERT INTO opuscollege.opususerrole (id, role, username, organizationalunitid) VALUES (606, 'teacher', 'teacher_606', 18);
INSERT INTO opuscollege.person (id, personCode, surnameFull , firstnamesFull ,  genderCode,   birthdate) VALUES (607 , 'personcode607', 'teacher_607', 'a', '1', '1970-01-01'  );
INSERT INTO opuscollege.staffmember (staffmemberid, personid, staffmembercode, primaryunitofappointmentid) VALUES (607, 607, 'staffcode607', 18);
INSERT INTO opuscollege.opususer (id, personid, username, pw, preferredorganizationalunitid) VALUES (607, 607, 'teacher_607', '900150983cd24fb0d6963f7d28e17f72', 18);
INSERT INTO opuscollege.opususerrole (id, role, username, organizationalunitid) VALUES (607, 'teacher', 'teacher_607', 18);
INSERT INTO opuscollege.person (id, personCode, surnameFull , firstnamesFull ,  genderCode,   birthdate) VALUES (608 , 'personcode608', 'teacher_608', 'a', '1', '1970-01-01'  );
INSERT INTO opuscollege.staffmember (staffmemberid, personid, staffmembercode, primaryunitofappointmentid) VALUES (608, 608, 'staffcode608', 18);
INSERT INTO opuscollege.opususer (id, personid, username, pw, preferredorganizationalunitid) VALUES (608, 608, 'teacher_608', '900150983cd24fb0d6963f7d28e17f72', 18);
INSERT INTO opuscollege.opususerrole (id, role, username, organizationalunitid) VALUES (608, 'teacher', 'teacher_608', 18);
INSERT INTO opuscollege.person (id, personCode, surnameFull , firstnamesFull ,  genderCode,   birthdate) VALUES (609 , 'personcode609', 'teacher_609', 'a', '1', '1970-01-01'  );
INSERT INTO opuscollege.staffmember (staffmemberid, personid, staffmembercode, primaryunitofappointmentid) VALUES (609, 609, 'staffcode609', 18);
INSERT INTO opuscollege.opususer (id, personid, username, pw, preferredorganizationalunitid) VALUES (609, 609, 'teacher_609', '900150983cd24fb0d6963f7d28e17f72', 18);
INSERT INTO opuscollege.opususerrole (id, role, username, organizationalunitid) VALUES (609, 'teacher', 'teacher_609', 18);
INSERT INTO opuscollege.person (id, personCode, surnameFull , firstnamesFull ,  genderCode,   birthdate) VALUES (610 , 'personcode610', 'teacher_610', 'a', '1', '1970-01-01'  );
INSERT INTO opuscollege.staffmember (staffmemberid, personid, staffmembercode, primaryunitofappointmentid) VALUES (610, 610, 'staffcode610', 18);
INSERT INTO opuscollege.opususer (id, personid, username, pw, preferredorganizationalunitid) VALUES (610, 610, 'teacher_610', '900150983cd24fb0d6963f7d28e17f72', 18);
INSERT INTO opuscollege.opususerrole (id, role, username, organizationalunitid) VALUES (610, 'teacher', 'teacher_610', 18);
INSERT INTO opuscollege.person (id, personCode, surnameFull , firstnamesFull ,  genderCode,   birthdate) VALUES (611 , 'personcode611', 'teacher_611', 'a', '1', '1970-01-01'  );
INSERT INTO opuscollege.staffmember (staffmemberid, personid, staffmembercode, primaryunitofappointmentid) VALUES (611, 611, 'staffcode611', 18);
INSERT INTO opuscollege.opususer (id, personid, username, pw, preferredorganizationalunitid) VALUES (611, 611, 'teacher_611', '900150983cd24fb0d6963f7d28e17f72', 18);
INSERT INTO opuscollege.opususerrole (id, role, username, organizationalunitid) VALUES (611, 'teacher', 'teacher_611', 18);
INSERT INTO opuscollege.person (id, personCode, surnameFull , firstnamesFull ,  genderCode,   birthdate) VALUES (612 , 'personcode612', 'teacher_612', 'a', '1', '1970-01-01'  );
INSERT INTO opuscollege.staffmember (staffmemberid, personid, staffmembercode, primaryunitofappointmentid) VALUES (612, 612, 'staffcode612', 18);
INSERT INTO opuscollege.opususer (id, personid, username, pw, preferredorganizationalunitid) VALUES (612, 612, 'teacher_612', '900150983cd24fb0d6963f7d28e17f72', 18);
INSERT INTO opuscollege.opususerrole (id, role, username, organizationalunitid) VALUES (612, 'teacher', 'teacher_612', 18);
INSERT INTO opuscollege.person (id, personCode, surnameFull , firstnamesFull ,  genderCode,   birthdate) VALUES (613 , 'personcode613', 'teacher_613', 'a', '1', '1970-01-01'  );
INSERT INTO opuscollege.staffmember (staffmemberid, personid, staffmembercode, primaryunitofappointmentid) VALUES (613, 613, 'staffcode613', 18);
INSERT INTO opuscollege.opususer (id, personid, username, pw, preferredorganizationalunitid) VALUES (613, 613, 'teacher_613', '900150983cd24fb0d6963f7d28e17f72', 18);
INSERT INTO opuscollege.opususerrole (id, role, username, organizationalunitid) VALUES (613, 'teacher', 'teacher_613', 18);
INSERT INTO opuscollege.person (id, personCode, surnameFull , firstnamesFull ,  genderCode,   birthdate) VALUES (614 , 'personcode614', 'teacher_614', 'a', '1', '1970-01-01'  );
INSERT INTO opuscollege.staffmember (staffmemberid, personid, staffmembercode, primaryunitofappointmentid) VALUES (614, 614, 'staffcode614', 18);
INSERT INTO opuscollege.opususer (id, personid, username, pw, preferredorganizationalunitid) VALUES (614, 614, 'teacher_614', '900150983cd24fb0d6963f7d28e17f72', 18);
INSERT INTO opuscollege.opususerrole (id, role, username, organizationalunitid) VALUES (614, 'teacher', 'teacher_614', 18);
INSERT INTO opuscollege.person (id, personCode, surnameFull , firstnamesFull ,  genderCode,   birthdate) VALUES (615 , 'personcode615', 'teacher_615', 'a', '1', '1970-01-01'  );
INSERT INTO opuscollege.staffmember (staffmemberid, personid, staffmembercode, primaryunitofappointmentid) VALUES (615, 615, 'staffcode615', 18);
INSERT INTO opuscollege.opususer (id, personid, username, pw, preferredorganizationalunitid) VALUES (615, 615, 'teacher_615', '900150983cd24fb0d6963f7d28e17f72', 18);
INSERT INTO opuscollege.opususerrole (id, role, username, organizationalunitid) VALUES (615, 'teacher', 'teacher_615', 18);
INSERT INTO opuscollege.person (id, personCode, surnameFull , firstnamesFull ,  genderCode,   birthdate) VALUES (616 , 'personcode616', 'teacher_616', 'a', '1', '1970-01-01'  );
INSERT INTO opuscollege.staffmember (staffmemberid, personid, staffmembercode, primaryunitofappointmentid) VALUES (616, 616, 'staffcode616', 18);
INSERT INTO opuscollege.opususer (id, personid, username, pw, preferredorganizationalunitid) VALUES (616, 616, 'teacher_616', '900150983cd24fb0d6963f7d28e17f72', 18);
INSERT INTO opuscollege.opususerrole (id, role, username, organizationalunitid) VALUES (616, 'teacher', 'teacher_616', 18);
INSERT INTO opuscollege.person (id, personCode, surnameFull , firstnamesFull ,  genderCode,   birthdate) VALUES (617 , 'personcode617', 'teacher_617', 'a', '1', '1970-01-01'  );
INSERT INTO opuscollege.staffmember (staffmemberid, personid, staffmembercode, primaryunitofappointmentid) VALUES (617, 617, 'staffcode617', 18);
INSERT INTO opuscollege.opususer (id, personid, username, pw, preferredorganizationalunitid) VALUES (617, 617, 'teacher_617', '900150983cd24fb0d6963f7d28e17f72', 18);
INSERT INTO opuscollege.opususerrole (id, role, username, organizationalunitid) VALUES (617, 'teacher', 'teacher_617', 18);
INSERT INTO opuscollege.person (id, personCode, surnameFull , firstnamesFull ,  genderCode,   birthdate) VALUES (618 , 'personcode618', 'teacher_618', 'a', '1', '1970-01-01'  );
INSERT INTO opuscollege.staffmember (staffmemberid, personid, staffmembercode, primaryunitofappointmentid) VALUES (618, 618, 'staffcode618', 18);
INSERT INTO opuscollege.opususer (id, personid, username, pw, preferredorganizationalunitid) VALUES (618, 618, 'teacher_618', '900150983cd24fb0d6963f7d28e17f72', 18);
INSERT INTO opuscollege.opususerrole (id, role, username, organizationalunitid) VALUES (618, 'teacher', 'teacher_618', 18);
INSERT INTO opuscollege.person (id, personCode, surnameFull , firstnamesFull ,  genderCode,   birthdate) VALUES (619 , 'personcode619', 'teacher_619', 'a', '1', '1970-01-01'  );
INSERT INTO opuscollege.staffmember (staffmemberid, personid, staffmembercode, primaryunitofappointmentid) VALUES (619, 619, 'staffcode619', 18);
INSERT INTO opuscollege.opususer (id, personid, username, pw, preferredorganizationalunitid) VALUES (619, 619, 'teacher_619', '900150983cd24fb0d6963f7d28e17f72', 18);
INSERT INTO opuscollege.opususerrole (id, role, username, organizationalunitid) VALUES (619, 'teacher', 'teacher_619', 18);
INSERT INTO opuscollege.person (id, personCode, surnameFull , firstnamesFull ,  genderCode,   birthdate) VALUES (620 , 'personcode620', 'teacher_620', 'a', '1', '1970-01-01'  );
INSERT INTO opuscollege.staffmember (staffmemberid, personid, staffmembercode, primaryunitofappointmentid) VALUES (620, 620, 'staffcode620', 18);
INSERT INTO opuscollege.opususer (id, personid, username, pw, preferredorganizationalunitid) VALUES (620, 620, 'teacher_620', '900150983cd24fb0d6963f7d28e17f72', 18);
INSERT INTO opuscollege.opususerrole (id, role, username, organizationalunitid) VALUES (620, 'teacher', 'teacher_620', 18);
INSERT INTO opuscollege.person (id, personCode, surnameFull , firstnamesFull ,  genderCode,   birthdate) VALUES (621 , 'personcode621', 'teacher_621', 'a', '1', '1970-01-01'  );
INSERT INTO opuscollege.staffmember (staffmemberid, personid, staffmembercode, primaryunitofappointmentid) VALUES (621, 621, 'staffcode621', 18);
INSERT INTO opuscollege.opususer (id, personid, username, pw, preferredorganizationalunitid) VALUES (621, 621, 'teacher_621', '900150983cd24fb0d6963f7d28e17f72', 18);
INSERT INTO opuscollege.opususerrole (id, role, username, organizationalunitid) VALUES (621, 'teacher', 'teacher_621', 18);
INSERT INTO opuscollege.person (id, personCode, surnameFull , firstnamesFull ,  genderCode,   birthdate) VALUES (622 , 'personcode622', 'teacher_622', 'a', '1', '1970-01-01'  );
INSERT INTO opuscollege.staffmember (staffmemberid, personid, staffmembercode, primaryunitofappointmentid) VALUES (622, 622, 'staffcode622', 18);
INSERT INTO opuscollege.opususer (id, personid, username, pw, preferredorganizationalunitid) VALUES (622, 622, 'teacher_622', '900150983cd24fb0d6963f7d28e17f72', 18);
INSERT INTO opuscollege.opususerrole (id, role, username, organizationalunitid) VALUES (622, 'teacher', 'teacher_622', 18);
INSERT INTO opuscollege.person (id, personCode, surnameFull , firstnamesFull ,  genderCode,   birthdate) VALUES (623 , 'personcode623', 'teacher_623', 'a', '1', '1970-01-01'  );
INSERT INTO opuscollege.staffmember (staffmemberid, personid, staffmembercode, primaryunitofappointmentid) VALUES (623, 623, 'staffcode623', 18);
INSERT INTO opuscollege.opususer (id, personid, username, pw, preferredorganizationalunitid) VALUES (623, 623, 'teacher_623', '900150983cd24fb0d6963f7d28e17f72', 18);
INSERT INTO opuscollege.opususerrole (id, role, username, organizationalunitid) VALUES (623, 'teacher', 'teacher_623', 18);
INSERT INTO opuscollege.person (id, personCode, surnameFull , firstnamesFull ,  genderCode,   birthdate) VALUES (624 , 'personcode624', 'teacher_624', 'a', '1', '1970-01-01'  );
INSERT INTO opuscollege.staffmember (staffmemberid, personid, staffmembercode, primaryunitofappointmentid) VALUES (624, 624, 'staffcode624', 18);
INSERT INTO opuscollege.opususer (id, personid, username, pw, preferredorganizationalunitid) VALUES (624, 624, 'teacher_624', '900150983cd24fb0d6963f7d28e17f72', 18);
INSERT INTO opuscollege.opususerrole (id, role, username, organizationalunitid) VALUES (624, 'teacher', 'teacher_624', 18);
INSERT INTO opuscollege.person (id, personCode, surnameFull , firstnamesFull ,  genderCode,   birthdate) VALUES (625 , 'personcode625', 'teacher_625', 'a', '1', '1970-01-01'  );
INSERT INTO opuscollege.staffmember (staffmemberid, personid, staffmembercode, primaryunitofappointmentid) VALUES (625, 625, 'staffcode625', 18);
INSERT INTO opuscollege.opususer (id, personid, username, pw, preferredorganizationalunitid) VALUES (625, 625, 'teacher_625', '900150983cd24fb0d6963f7d28e17f72', 18);
INSERT INTO opuscollege.opususerrole (id, role, username, organizationalunitid) VALUES (625, 'teacher', 'teacher_625', 18);
INSERT INTO opuscollege.person (id, personCode, surnameFull , firstnamesFull ,  genderCode,   birthdate) VALUES (626 , 'personcode626', 'teacher_626', 'a', '1', '1970-01-01'  );
INSERT INTO opuscollege.staffmember (staffmemberid, personid, staffmembercode, primaryunitofappointmentid) VALUES (626, 626, 'staffcode626', 18);
INSERT INTO opuscollege.opususer (id, personid, username, pw, preferredorganizationalunitid) VALUES (626, 626, 'teacher_626', '900150983cd24fb0d6963f7d28e17f72', 18);
INSERT INTO opuscollege.opususerrole (id, role, username, organizationalunitid) VALUES (626, 'teacher', 'teacher_626', 18);
INSERT INTO opuscollege.person (id, personCode, surnameFull , firstnamesFull ,  genderCode,   birthdate) VALUES (627 , 'personcode627', 'teacher_627', 'a', '1', '1970-01-01'  );
INSERT INTO opuscollege.staffmember (staffmemberid, personid, staffmembercode, primaryunitofappointmentid) VALUES (627, 627, 'staffcode627', 18);
INSERT INTO opuscollege.opususer (id, personid, username, pw, preferredorganizationalunitid) VALUES (627, 627, 'teacher_627', '900150983cd24fb0d6963f7d28e17f72', 18);
INSERT INTO opuscollege.opususerrole (id, role, username, organizationalunitid) VALUES (627, 'teacher', 'teacher_627', 18);
INSERT INTO opuscollege.person (id, personCode, surnameFull , firstnamesFull ,  genderCode,   birthdate) VALUES (628 , 'personcode628', 'teacher_628', 'a', '1', '1970-01-01'  );
INSERT INTO opuscollege.staffmember (staffmemberid, personid, staffmembercode, primaryunitofappointmentid) VALUES (628, 628, 'staffcode628', 18);
INSERT INTO opuscollege.opususer (id, personid, username, pw, preferredorganizationalunitid) VALUES (628, 628, 'teacher_628', '900150983cd24fb0d6963f7d28e17f72', 18);
INSERT INTO opuscollege.opususerrole (id, role, username, organizationalunitid) VALUES (628, 'teacher', 'teacher_628', 18);
INSERT INTO opuscollege.person (id, personCode, surnameFull , firstnamesFull ,  genderCode,   birthdate) VALUES (629 , 'personcode629', 'teacher_629', 'a', '1', '1970-01-01'  );
INSERT INTO opuscollege.staffmember (staffmemberid, personid, staffmembercode, primaryunitofappointmentid) VALUES (629, 629, 'staffcode629', 18);
INSERT INTO opuscollege.opususer (id, personid, username, pw, preferredorganizationalunitid) VALUES (629, 629, 'teacher_629', '900150983cd24fb0d6963f7d28e17f72', 18);
INSERT INTO opuscollege.opususerrole (id, role, username, organizationalunitid) VALUES (629, 'teacher', 'teacher_629', 18);
INSERT INTO opuscollege.person (id, personCode, surnameFull , firstnamesFull ,  genderCode,   birthdate) VALUES (630 , 'personcode630', 'teacher_630', 'a', '1', '1970-01-01'  );
INSERT INTO opuscollege.staffmember (staffmemberid, personid, staffmembercode, primaryunitofappointmentid) VALUES (630, 630, 'staffcode630', 18);
INSERT INTO opuscollege.opususer (id, personid, username, pw, preferredorganizationalunitid) VALUES (630, 630, 'teacher_630', '900150983cd24fb0d6963f7d28e17f72', 18);
INSERT INTO opuscollege.opususerrole (id, role, username, organizationalunitid) VALUES (630, 'teacher', 'teacher_630', 18);
INSERT INTO opuscollege.person (id, personCode, surnameFull , firstnamesFull ,  genderCode,   birthdate) VALUES (631 , 'personcode631', 'teacher_631', 'a', '1', '1970-01-01'  );
INSERT INTO opuscollege.staffmember (staffmemberid, personid, staffmembercode, primaryunitofappointmentid) VALUES (631, 631, 'staffcode631', 18);
INSERT INTO opuscollege.opususer (id, personid, username, pw, preferredorganizationalunitid) VALUES (631, 631, 'teacher_631', '900150983cd24fb0d6963f7d28e17f72', 18);
INSERT INTO opuscollege.opususerrole (id, role, username, organizationalunitid) VALUES (631, 'teacher', 'teacher_631', 18);
INSERT INTO opuscollege.person (id, personCode, surnameFull , firstnamesFull ,  genderCode,   birthdate) VALUES (632 , 'personcode632', 'teacher_632', 'a', '1', '1970-01-01'  );
INSERT INTO opuscollege.staffmember (staffmemberid, personid, staffmembercode, primaryunitofappointmentid) VALUES (632, 632, 'staffcode632', 18);
INSERT INTO opuscollege.opususer (id, personid, username, pw, preferredorganizationalunitid) VALUES (632, 632, 'teacher_632', '900150983cd24fb0d6963f7d28e17f72', 18);
INSERT INTO opuscollege.opususerrole (id, role, username, organizationalunitid) VALUES (632, 'teacher', 'teacher_632', 18);
INSERT INTO opuscollege.person (id, personCode, surnameFull , firstnamesFull ,  genderCode,   birthdate) VALUES (633 , 'personcode633', 'teacher_633', 'a', '1', '1970-01-01'  );
INSERT INTO opuscollege.staffmember (staffmemberid, personid, staffmembercode, primaryunitofappointmentid) VALUES (633, 633, 'staffcode633', 18);
INSERT INTO opuscollege.opususer (id, personid, username, pw, preferredorganizationalunitid) VALUES (633, 633, 'teacher_633', '900150983cd24fb0d6963f7d28e17f72', 18);
INSERT INTO opuscollege.opususerrole (id, role, username, organizationalunitid) VALUES (633, 'teacher', 'teacher_633', 18);
INSERT INTO opuscollege.person (id, personCode, surnameFull , firstnamesFull ,  genderCode,   birthdate) VALUES (634 , 'personcode634', 'teacher_634', 'a', '1', '1970-01-01'  );
INSERT INTO opuscollege.staffmember (staffmemberid, personid, staffmembercode, primaryunitofappointmentid) VALUES (634, 634, 'staffcode634', 18);
INSERT INTO opuscollege.opususer (id, personid, username, pw, preferredorganizationalunitid) VALUES (634, 634, 'teacher_634', '900150983cd24fb0d6963f7d28e17f72', 18);
INSERT INTO opuscollege.opususerrole (id, role, username, organizationalunitid) VALUES (634, 'teacher', 'teacher_634', 18);
INSERT INTO opuscollege.person (id, personCode, surnameFull , firstnamesFull ,  genderCode,   birthdate) VALUES (635 , 'personcode635', 'teacher_635', 'a', '1', '1970-01-01'  );
INSERT INTO opuscollege.staffmember (staffmemberid, personid, staffmembercode, primaryunitofappointmentid) VALUES (635, 635, 'staffcode635', 18);
INSERT INTO opuscollege.opususer (id, personid, username, pw, preferredorganizationalunitid) VALUES (635, 635, 'teacher_635', '900150983cd24fb0d6963f7d28e17f72', 18);
INSERT INTO opuscollege.opususerrole (id, role, username, organizationalunitid) VALUES (635, 'teacher', 'teacher_635', 18);
INSERT INTO opuscollege.person (id, personCode, surnameFull , firstnamesFull ,  genderCode,   birthdate) VALUES (636 , 'personcode636', 'teacher_636', 'a', '1', '1970-01-01'  );
INSERT INTO opuscollege.staffmember (staffmemberid, personid, staffmembercode, primaryunitofappointmentid) VALUES (636, 636, 'staffcode636', 18);
INSERT INTO opuscollege.opususer (id, personid, username, pw, preferredorganizationalunitid) VALUES (636, 636, 'teacher_636', '900150983cd24fb0d6963f7d28e17f72', 18);
INSERT INTO opuscollege.opususerrole (id, role, username, organizationalunitid) VALUES (636, 'teacher', 'teacher_636', 18);
INSERT INTO opuscollege.person (id, personCode, surnameFull , firstnamesFull ,  genderCode,   birthdate) VALUES (637 , 'personcode637', 'teacher_637', 'a', '1', '1970-01-01'  );
INSERT INTO opuscollege.staffmember (staffmemberid, personid, staffmembercode, primaryunitofappointmentid) VALUES (637, 637, 'staffcode637', 18);
INSERT INTO opuscollege.opususer (id, personid, username, pw, preferredorganizationalunitid) VALUES (637, 637, 'teacher_637', '900150983cd24fb0d6963f7d28e17f72', 18);
INSERT INTO opuscollege.opususerrole (id, role, username, organizationalunitid) VALUES (637, 'teacher', 'teacher_637', 18);
INSERT INTO opuscollege.person (id, personCode, surnameFull , firstnamesFull ,  genderCode,   birthdate) VALUES (638 , 'personcode638', 'teacher_638', 'a', '1', '1970-01-01'  );
INSERT INTO opuscollege.staffmember (staffmemberid, personid, staffmembercode, primaryunitofappointmentid) VALUES (638, 638, 'staffcode638', 18);
INSERT INTO opuscollege.opususer (id, personid, username, pw, preferredorganizationalunitid) VALUES (638, 638, 'teacher_638', '900150983cd24fb0d6963f7d28e17f72', 18);
INSERT INTO opuscollege.opususerrole (id, role, username, organizationalunitid) VALUES (638, 'teacher', 'teacher_638', 18);
INSERT INTO opuscollege.person (id, personCode, surnameFull , firstnamesFull ,  genderCode,   birthdate) VALUES (639 , 'personcode639', 'teacher_639', 'a', '1', '1970-01-01'  );
INSERT INTO opuscollege.staffmember (staffmemberid, personid, staffmembercode, primaryunitofappointmentid) VALUES (639, 639, 'staffcode639', 18);
INSERT INTO opuscollege.opususer (id, personid, username, pw, preferredorganizationalunitid) VALUES (639, 639, 'teacher_639', '900150983cd24fb0d6963f7d28e17f72', 18);
INSERT INTO opuscollege.opususerrole (id, role, username, organizationalunitid) VALUES (639, 'teacher', 'teacher_639', 18);
INSERT INTO opuscollege.person (id, personCode, surnameFull , firstnamesFull ,  genderCode,   birthdate) VALUES (640 , 'personcode640', 'teacher_640', 'a', '1', '1970-01-01'  );
INSERT INTO opuscollege.staffmember (staffmemberid, personid, staffmembercode, primaryunitofappointmentid) VALUES (640, 640, 'staffcode640', 18);
INSERT INTO opuscollege.opususer (id, personid, username, pw, preferredorganizationalunitid) VALUES (640, 640, 'teacher_640', '900150983cd24fb0d6963f7d28e17f72', 18);
INSERT INTO opuscollege.opususerrole (id, role, username, organizationalunitid) VALUES (640, 'teacher', 'teacher_640', 18);
INSERT INTO opuscollege.person (id, personCode, surnameFull , firstnamesFull ,  genderCode,   birthdate) VALUES (641 , 'personcode641', 'teacher_641', 'a', '1', '1970-01-01'  );
INSERT INTO opuscollege.staffmember (staffmemberid, personid, staffmembercode, primaryunitofappointmentid) VALUES (641, 641, 'staffcode641', 18);
INSERT INTO opuscollege.opususer (id, personid, username, pw, preferredorganizationalunitid) VALUES (641, 641, 'teacher_641', '900150983cd24fb0d6963f7d28e17f72', 18);
INSERT INTO opuscollege.opususerrole (id, role, username, organizationalunitid) VALUES (641, 'teacher', 'teacher_641', 18);
INSERT INTO opuscollege.person (id, personCode, surnameFull , firstnamesFull ,  genderCode,   birthdate) VALUES (642 , 'personcode642', 'teacher_642', 'a', '1', '1970-01-01'  );
INSERT INTO opuscollege.staffmember (staffmemberid, personid, staffmembercode, primaryunitofappointmentid) VALUES (642, 642, 'staffcode642', 18);
INSERT INTO opuscollege.opususer (id, personid, username, pw, preferredorganizationalunitid) VALUES (642, 642, 'teacher_642', '900150983cd24fb0d6963f7d28e17f72', 18);
INSERT INTO opuscollege.opususerrole (id, role, username, organizationalunitid) VALUES (642, 'teacher', 'teacher_642', 18);
INSERT INTO opuscollege.person (id, personCode, surnameFull , firstnamesFull ,  genderCode,   birthdate) VALUES (643 , 'personcode643', 'teacher_643', 'a', '1', '1970-01-01'  );
INSERT INTO opuscollege.staffmember (staffmemberid, personid, staffmembercode, primaryunitofappointmentid) VALUES (643, 643, 'staffcode643', 18);
INSERT INTO opuscollege.opususer (id, personid, username, pw, preferredorganizationalunitid) VALUES (643, 643, 'teacher_643', '900150983cd24fb0d6963f7d28e17f72', 18);
INSERT INTO opuscollege.opususerrole (id, role, username, organizationalunitid) VALUES (643, 'teacher', 'teacher_643', 18);
INSERT INTO opuscollege.person (id, personCode, surnameFull , firstnamesFull ,  genderCode,   birthdate) VALUES (644 , 'personcode644', 'teacher_644', 'a', '1', '1970-01-01'  );
INSERT INTO opuscollege.staffmember (staffmemberid, personid, staffmembercode, primaryunitofappointmentid) VALUES (644, 644, 'staffcode644', 18);
INSERT INTO opuscollege.opususer (id, personid, username, pw, preferredorganizationalunitid) VALUES (644, 644, 'teacher_644', '900150983cd24fb0d6963f7d28e17f72', 18);
INSERT INTO opuscollege.opususerrole (id, role, username, organizationalunitid) VALUES (644, 'teacher', 'teacher_644', 18);
INSERT INTO opuscollege.person (id, personCode, surnameFull , firstnamesFull ,  genderCode,   birthdate) VALUES (645 , 'personcode645', 'teacher_645', 'a', '1', '1970-01-01'  );
INSERT INTO opuscollege.staffmember (staffmemberid, personid, staffmembercode, primaryunitofappointmentid) VALUES (645, 645, 'staffcode645', 18);
INSERT INTO opuscollege.opususer (id, personid, username, pw, preferredorganizationalunitid) VALUES (645, 645, 'teacher_645', '900150983cd24fb0d6963f7d28e17f72', 18);
INSERT INTO opuscollege.opususerrole (id, role, username, organizationalunitid) VALUES (645, 'teacher', 'teacher_645', 18);
INSERT INTO opuscollege.person (id, personCode, surnameFull , firstnamesFull ,  genderCode,   birthdate) VALUES (646 , 'personcode646', 'teacher_646', 'a', '1', '1970-01-01'  );
INSERT INTO opuscollege.staffmember (staffmemberid, personid, staffmembercode, primaryunitofappointmentid) VALUES (646, 646, 'staffcode646', 18);
INSERT INTO opuscollege.opususer (id, personid, username, pw, preferredorganizationalunitid) VALUES (646, 646, 'teacher_646', '900150983cd24fb0d6963f7d28e17f72', 18);
INSERT INTO opuscollege.opususerrole (id, role, username, organizationalunitid) VALUES (646, 'teacher', 'teacher_646', 18);
INSERT INTO opuscollege.person (id, personCode, surnameFull , firstnamesFull ,  genderCode,   birthdate) VALUES (647 , 'personcode647', 'teacher_647', 'a', '1', '1970-01-01'  );
INSERT INTO opuscollege.staffmember (staffmemberid, personid, staffmembercode, primaryunitofappointmentid) VALUES (647, 647, 'staffcode647', 18);
INSERT INTO opuscollege.opususer (id, personid, username, pw, preferredorganizationalunitid) VALUES (647, 647, 'teacher_647', '900150983cd24fb0d6963f7d28e17f72', 18);
INSERT INTO opuscollege.opususerrole (id, role, username, organizationalunitid) VALUES (647, 'teacher', 'teacher_647', 18);
INSERT INTO opuscollege.person (id, personCode, surnameFull , firstnamesFull ,  genderCode,   birthdate) VALUES (648 , 'personcode648', 'teacher_648', 'a', '1', '1970-01-01'  );
INSERT INTO opuscollege.staffmember (staffmemberid, personid, staffmembercode, primaryunitofappointmentid) VALUES (648, 648, 'staffcode648', 18);
INSERT INTO opuscollege.opususer (id, personid, username, pw, preferredorganizationalunitid) VALUES (648, 648, 'teacher_648', '900150983cd24fb0d6963f7d28e17f72', 18);
INSERT INTO opuscollege.opususerrole (id, role, username, organizationalunitid) VALUES (648, 'teacher', 'teacher_648', 18);
INSERT INTO opuscollege.person (id, personCode, surnameFull , firstnamesFull ,  genderCode,   birthdate) VALUES (649 , 'personcode649', 'teacher_649', 'a', '1', '1970-01-01'  );
INSERT INTO opuscollege.staffmember (staffmemberid, personid, staffmembercode, primaryunitofappointmentid) VALUES (649, 649, 'staffcode649', 18);
INSERT INTO opuscollege.opususer (id, personid, username, pw, preferredorganizationalunitid) VALUES (649, 649, 'teacher_649', '900150983cd24fb0d6963f7d28e17f72', 18);
INSERT INTO opuscollege.opususerrole (id, role, username, organizationalunitid) VALUES (649, 'teacher', 'teacher_649', 18);
INSERT INTO opuscollege.person (id, personCode, surnameFull , firstnamesFull ,  genderCode,   birthdate) VALUES (650 , 'personcode650', 'teacher_650', 'a', '1', '1970-01-01'  );
INSERT INTO opuscollege.staffmember (staffmemberid, personid, staffmembercode, primaryunitofappointmentid) VALUES (650, 650, 'staffcode650', 18);
INSERT INTO opuscollege.opususer (id, personid, username, pw, preferredorganizationalunitid) VALUES (650, 650, 'teacher_650', '900150983cd24fb0d6963f7d28e17f72', 18);
INSERT INTO opuscollege.opususerrole (id, role, username, organizationalunitid) VALUES (650, 'teacher', 'teacher_650', 18);
INSERT INTO opuscollege.person (id, personCode, surnameFull , firstnamesFull ,  genderCode,   birthdate) VALUES (651 , 'personcode651', 'teacher_651', 'a', '1', '1970-01-01'  );
INSERT INTO opuscollege.staffmember (staffmemberid, personid, staffmembercode, primaryunitofappointmentid) VALUES (651, 651, 'staffcode651', 18);
INSERT INTO opuscollege.opususer (id, personid, username, pw, preferredorganizationalunitid) VALUES (651, 651, 'teacher_651', '900150983cd24fb0d6963f7d28e17f72', 18);
INSERT INTO opuscollege.opususerrole (id, role, username, organizationalunitid) VALUES (651, 'teacher', 'teacher_651', 18);
INSERT INTO opuscollege.person (id, personCode, surnameFull , firstnamesFull ,  genderCode,   birthdate) VALUES (652 , 'personcode652', 'teacher_652', 'a', '1', '1970-01-01'  );
INSERT INTO opuscollege.staffmember (staffmemberid, personid, staffmembercode, primaryunitofappointmentid) VALUES (652, 652, 'staffcode652', 18);
INSERT INTO opuscollege.opususer (id, personid, username, pw, preferredorganizationalunitid) VALUES (652, 652, 'teacher_652', '900150983cd24fb0d6963f7d28e17f72', 18);
INSERT INTO opuscollege.opususerrole (id, role, username, organizationalunitid) VALUES (652, 'teacher', 'teacher_652', 18);
INSERT INTO opuscollege.person (id, personCode, surnameFull , firstnamesFull ,  genderCode,   birthdate) VALUES (653 , 'personcode653', 'teacher_653', 'a', '1', '1970-01-01'  );
INSERT INTO opuscollege.staffmember (staffmemberid, personid, staffmembercode, primaryunitofappointmentid) VALUES (653, 653, 'staffcode653', 18);
INSERT INTO opuscollege.opususer (id, personid, username, pw, preferredorganizationalunitid) VALUES (653, 653, 'teacher_653', '900150983cd24fb0d6963f7d28e17f72', 18);
INSERT INTO opuscollege.opususerrole (id, role, username, organizationalunitid) VALUES (653, 'teacher', 'teacher_653', 18);
INSERT INTO opuscollege.person (id, personCode, surnameFull , firstnamesFull ,  genderCode,   birthdate) VALUES (654 , 'personcode654', 'teacher_654', 'a', '1', '1970-01-01'  );
INSERT INTO opuscollege.staffmember (staffmemberid, personid, staffmembercode, primaryunitofappointmentid) VALUES (654, 654, 'staffcode654', 18);
INSERT INTO opuscollege.opususer (id, personid, username, pw, preferredorganizationalunitid) VALUES (654, 654, 'teacher_654', '900150983cd24fb0d6963f7d28e17f72', 18);
INSERT INTO opuscollege.opususerrole (id, role, username, organizationalunitid) VALUES (654, 'teacher', 'teacher_654', 18);
INSERT INTO opuscollege.person (id, personCode, surnameFull , firstnamesFull ,  genderCode,   birthdate) VALUES (655 , 'personcode655', 'teacher_655', 'a', '1', '1970-01-01'  );
INSERT INTO opuscollege.staffmember (staffmemberid, personid, staffmembercode, primaryunitofappointmentid) VALUES (655, 655, 'staffcode655', 18);
INSERT INTO opuscollege.opususer (id, personid, username, pw, preferredorganizationalunitid) VALUES (655, 655, 'teacher_655', '900150983cd24fb0d6963f7d28e17f72', 18);
INSERT INTO opuscollege.opususerrole (id, role, username, organizationalunitid) VALUES (655, 'teacher', 'teacher_655', 18);
INSERT INTO opuscollege.person (id, personCode, surnameFull , firstnamesFull ,  genderCode,   birthdate) VALUES (656 , 'personcode656', 'teacher_656', 'a', '1', '1970-01-01'  );
INSERT INTO opuscollege.staffmember (staffmemberid, personid, staffmembercode, primaryunitofappointmentid) VALUES (656, 656, 'staffcode656', 18);
INSERT INTO opuscollege.opususer (id, personid, username, pw, preferredorganizationalunitid) VALUES (656, 656, 'teacher_656', '900150983cd24fb0d6963f7d28e17f72', 18);
INSERT INTO opuscollege.opususerrole (id, role, username, organizationalunitid) VALUES (656, 'teacher', 'teacher_656', 18);
INSERT INTO opuscollege.person (id, personCode, surnameFull , firstnamesFull ,  genderCode,   birthdate) VALUES (657 , 'personcode657', 'teacher_657', 'a', '1', '1970-01-01'  );
INSERT INTO opuscollege.staffmember (staffmemberid, personid, staffmembercode, primaryunitofappointmentid) VALUES (657, 657, 'staffcode657', 18);
INSERT INTO opuscollege.opususer (id, personid, username, pw, preferredorganizationalunitid) VALUES (657, 657, 'teacher_657', '900150983cd24fb0d6963f7d28e17f72', 18);
INSERT INTO opuscollege.opususerrole (id, role, username, organizationalunitid) VALUES (657, 'teacher', 'teacher_657', 18);
INSERT INTO opuscollege.person (id, personCode, surnameFull , firstnamesFull ,  genderCode,   birthdate) VALUES (658 , 'personcode658', 'teacher_658', 'a', '1', '1970-01-01'  );
INSERT INTO opuscollege.staffmember (staffmemberid, personid, staffmembercode, primaryunitofappointmentid) VALUES (658, 658, 'staffcode658', 18);
INSERT INTO opuscollege.opususer (id, personid, username, pw, preferredorganizationalunitid) VALUES (658, 658, 'teacher_658', '900150983cd24fb0d6963f7d28e17f72', 18);
INSERT INTO opuscollege.opususerrole (id, role, username, organizationalunitid) VALUES (658, 'teacher', 'teacher_658', 18);
INSERT INTO opuscollege.person (id, personCode, surnameFull , firstnamesFull ,  genderCode,   birthdate) VALUES (659 , 'personcode659', 'teacher_659', 'a', '1', '1970-01-01'  );
INSERT INTO opuscollege.staffmember (staffmemberid, personid, staffmembercode, primaryunitofappointmentid) VALUES (659, 659, 'staffcode659', 18);
INSERT INTO opuscollege.opususer (id, personid, username, pw, preferredorganizationalunitid) VALUES (659, 659, 'teacher_659', '900150983cd24fb0d6963f7d28e17f72', 18);
INSERT INTO opuscollege.opususerrole (id, role, username, organizationalunitid) VALUES (659, 'teacher', 'teacher_659', 18);
INSERT INTO opuscollege.person (id, personCode, surnameFull , firstnamesFull ,  genderCode,   birthdate) VALUES (660 , 'personcode660', 'teacher_660', 'a', '1', '1970-01-01'  );
INSERT INTO opuscollege.staffmember (staffmemberid, personid, staffmembercode, primaryunitofappointmentid) VALUES (660, 660, 'staffcode660', 18);
INSERT INTO opuscollege.opususer (id, personid, username, pw, preferredorganizationalunitid) VALUES (660, 660, 'teacher_660', '900150983cd24fb0d6963f7d28e17f72', 18);
INSERT INTO opuscollege.opususerrole (id, role, username, organizationalunitid) VALUES (660, 'teacher', 'teacher_660', 18);
INSERT INTO opuscollege.person (id, personCode, surnameFull , firstnamesFull ,  genderCode,   birthdate) VALUES (661 , 'personcode661', 'teacher_661', 'a', '1', '1970-01-01'  );
INSERT INTO opuscollege.staffmember (staffmemberid, personid, staffmembercode, primaryunitofappointmentid) VALUES (661, 661, 'staffcode661', 18);
INSERT INTO opuscollege.opususer (id, personid, username, pw, preferredorganizationalunitid) VALUES (661, 661, 'teacher_661', '900150983cd24fb0d6963f7d28e17f72', 18);
INSERT INTO opuscollege.opususerrole (id, role, username, organizationalunitid) VALUES (661, 'teacher', 'teacher_661', 18);
INSERT INTO opuscollege.person (id, personCode, surnameFull , firstnamesFull ,  genderCode,   birthdate) VALUES (662 , 'personcode662', 'teacher_662', 'a', '1', '1970-01-01'  );
INSERT INTO opuscollege.staffmember (staffmemberid, personid, staffmembercode, primaryunitofappointmentid) VALUES (662, 662, 'staffcode662', 18);
INSERT INTO opuscollege.opususer (id, personid, username, pw, preferredorganizationalunitid) VALUES (662, 662, 'teacher_662', '900150983cd24fb0d6963f7d28e17f72', 18);
INSERT INTO opuscollege.opususerrole (id, role, username, organizationalunitid) VALUES (662, 'teacher', 'teacher_662', 18);
INSERT INTO opuscollege.person (id, personCode, surnameFull , firstnamesFull ,  genderCode,   birthdate) VALUES (663 , 'personcode663', 'teacher_663', 'a', '1', '1970-01-01'  );
INSERT INTO opuscollege.staffmember (staffmemberid, personid, staffmembercode, primaryunitofappointmentid) VALUES (663, 663, 'staffcode663', 18);
INSERT INTO opuscollege.opususer (id, personid, username, pw, preferredorganizationalunitid) VALUES (663, 663, 'teacher_663', '900150983cd24fb0d6963f7d28e17f72', 18);
INSERT INTO opuscollege.opususerrole (id, role, username, organizationalunitid) VALUES (663, 'teacher', 'teacher_663', 18);
INSERT INTO opuscollege.person (id, personCode, surnameFull , firstnamesFull ,  genderCode,   birthdate) VALUES (664 , 'personcode664', 'teacher_664', 'a', '1', '1970-01-01'  );
INSERT INTO opuscollege.staffmember (staffmemberid, personid, staffmembercode, primaryunitofappointmentid) VALUES (664, 664, 'staffcode664', 18);
INSERT INTO opuscollege.opususer (id, personid, username, pw, preferredorganizationalunitid) VALUES (664, 664, 'teacher_664', '900150983cd24fb0d6963f7d28e17f72', 18);
INSERT INTO opuscollege.opususerrole (id, role, username, organizationalunitid) VALUES (664, 'teacher', 'teacher_664', 18);
INSERT INTO opuscollege.person (id, personCode, surnameFull , firstnamesFull ,  genderCode,   birthdate) VALUES (665 , 'personcode665', 'teacher_665', 'a', '1', '1970-01-01'  );
INSERT INTO opuscollege.staffmember (staffmemberid, personid, staffmembercode, primaryunitofappointmentid) VALUES (665, 665, 'staffcode665', 18);
INSERT INTO opuscollege.opususer (id, personid, username, pw, preferredorganizationalunitid) VALUES (665, 665, 'teacher_665', '900150983cd24fb0d6963f7d28e17f72', 18);
INSERT INTO opuscollege.opususerrole (id, role, username, organizationalunitid) VALUES (665, 'teacher', 'teacher_665', 18);
INSERT INTO opuscollege.person (id, personCode, surnameFull , firstnamesFull ,  genderCode,   birthdate) VALUES (666 , 'personcode666', 'teacher_666', 'a', '1', '1970-01-01'  );
INSERT INTO opuscollege.staffmember (staffmemberid, personid, staffmembercode, primaryunitofappointmentid) VALUES (666, 666, 'staffcode666', 18);
INSERT INTO opuscollege.opususer (id, personid, username, pw, preferredorganizationalunitid) VALUES (666, 666, 'teacher_666', '900150983cd24fb0d6963f7d28e17f72', 18);
INSERT INTO opuscollege.opususerrole (id, role, username, organizationalunitid) VALUES (666, 'teacher', 'teacher_666', 18);
INSERT INTO opuscollege.person (id, personCode, surnameFull , firstnamesFull ,  genderCode,   birthdate) VALUES (667 , 'personcode667', 'teacher_667', 'a', '1', '1970-01-01'  );
INSERT INTO opuscollege.staffmember (staffmemberid, personid, staffmembercode, primaryunitofappointmentid) VALUES (667, 667, 'staffcode667', 18);
INSERT INTO opuscollege.opususer (id, personid, username, pw, preferredorganizationalunitid) VALUES (667, 667, 'teacher_667', '900150983cd24fb0d6963f7d28e17f72', 18);
INSERT INTO opuscollege.opususerrole (id, role, username, organizationalunitid) VALUES (667, 'teacher', 'teacher_667', 18);
INSERT INTO opuscollege.person (id, personCode, surnameFull , firstnamesFull ,  genderCode,   birthdate) VALUES (668 , 'personcode668', 'teacher_668', 'a', '1', '1970-01-01'  );
INSERT INTO opuscollege.staffmember (staffmemberid, personid, staffmembercode, primaryunitofappointmentid) VALUES (668, 668, 'staffcode668', 18);
INSERT INTO opuscollege.opususer (id, personid, username, pw, preferredorganizationalunitid) VALUES (668, 668, 'teacher_668', '900150983cd24fb0d6963f7d28e17f72', 18);
INSERT INTO opuscollege.opususerrole (id, role, username, organizationalunitid) VALUES (668, 'teacher', 'teacher_668', 18);
INSERT INTO opuscollege.person (id, personCode, surnameFull , firstnamesFull ,  genderCode,   birthdate) VALUES (669 , 'personcode669', 'teacher_669', 'a', '1', '1970-01-01'  );
INSERT INTO opuscollege.staffmember (staffmemberid, personid, staffmembercode, primaryunitofappointmentid) VALUES (669, 669, 'staffcode669', 18);
INSERT INTO opuscollege.opususer (id, personid, username, pw, preferredorganizationalunitid) VALUES (669, 669, 'teacher_669', '900150983cd24fb0d6963f7d28e17f72', 18);
INSERT INTO opuscollege.opususerrole (id, role, username, organizationalunitid) VALUES (669, 'teacher', 'teacher_669', 18);
INSERT INTO opuscollege.person (id, personCode, surnameFull , firstnamesFull ,  genderCode,   birthdate) VALUES (670 , 'personcode670', 'teacher_670', 'a', '1', '1970-01-01'  );
INSERT INTO opuscollege.staffmember (staffmemberid, personid, staffmembercode, primaryunitofappointmentid) VALUES (670, 670, 'staffcode670', 18);
INSERT INTO opuscollege.opususer (id, personid, username, pw, preferredorganizationalunitid) VALUES (670, 670, 'teacher_670', '900150983cd24fb0d6963f7d28e17f72', 18);
INSERT INTO opuscollege.opususerrole (id, role, username, organizationalunitid) VALUES (670, 'teacher', 'teacher_670', 18);
INSERT INTO opuscollege.person (id, personCode, surnameFull , firstnamesFull ,  genderCode,   birthdate) VALUES (671 , 'personcode671', 'teacher_671', 'a', '1', '1970-01-01'  );
INSERT INTO opuscollege.staffmember (staffmemberid, personid, staffmembercode, primaryunitofappointmentid) VALUES (671, 671, 'staffcode671', 18);
INSERT INTO opuscollege.opususer (id, personid, username, pw, preferredorganizationalunitid) VALUES (671, 671, 'teacher_671', '900150983cd24fb0d6963f7d28e17f72', 18);
INSERT INTO opuscollege.opususerrole (id, role, username, organizationalunitid) VALUES (671, 'teacher', 'teacher_671', 18);
INSERT INTO opuscollege.person (id, personCode, surnameFull , firstnamesFull ,  genderCode,   birthdate) VALUES (672 , 'personcode672', 'teacher_672', 'a', '1', '1970-01-01'  );
INSERT INTO opuscollege.staffmember (staffmemberid, personid, staffmembercode, primaryunitofappointmentid) VALUES (672, 672, 'staffcode672', 18);
INSERT INTO opuscollege.opususer (id, personid, username, pw, preferredorganizationalunitid) VALUES (672, 672, 'teacher_672', '900150983cd24fb0d6963f7d28e17f72', 18);
INSERT INTO opuscollege.opususerrole (id, role, username, organizationalunitid) VALUES (672, 'teacher', 'teacher_672', 18);
INSERT INTO opuscollege.person (id, personCode, surnameFull , firstnamesFull ,  genderCode,   birthdate) VALUES (673 , 'personcode673', 'teacher_673', 'a', '1', '1970-01-01'  );
INSERT INTO opuscollege.staffmember (staffmemberid, personid, staffmembercode, primaryunitofappointmentid) VALUES (673, 673, 'staffcode673', 18);
INSERT INTO opuscollege.opususer (id, personid, username, pw, preferredorganizationalunitid) VALUES (673, 673, 'teacher_673', '900150983cd24fb0d6963f7d28e17f72', 18);
INSERT INTO opuscollege.opususerrole (id, role, username, organizationalunitid) VALUES (673, 'teacher', 'teacher_673', 18);
INSERT INTO opuscollege.person (id, personCode, surnameFull , firstnamesFull ,  genderCode,   birthdate) VALUES (674 , 'personcode674', 'teacher_674', 'a', '1', '1970-01-01'  );
INSERT INTO opuscollege.staffmember (staffmemberid, personid, staffmembercode, primaryunitofappointmentid) VALUES (674, 674, 'staffcode674', 18);
INSERT INTO opuscollege.opususer (id, personid, username, pw, preferredorganizationalunitid) VALUES (674, 674, 'teacher_674', '900150983cd24fb0d6963f7d28e17f72', 18);
INSERT INTO opuscollege.opususerrole (id, role, username, organizationalunitid) VALUES (674, 'teacher', 'teacher_674', 18);
INSERT INTO opuscollege.person (id, personCode, surnameFull , firstnamesFull ,  genderCode,   birthdate) VALUES (675 , 'personcode675', 'teacher_675', 'a', '1', '1970-01-01'  );
INSERT INTO opuscollege.staffmember (staffmemberid, personid, staffmembercode, primaryunitofappointmentid) VALUES (675, 675, 'staffcode675', 18);
INSERT INTO opuscollege.opususer (id, personid, username, pw, preferredorganizationalunitid) VALUES (675, 675, 'teacher_675', '900150983cd24fb0d6963f7d28e17f72', 18);
INSERT INTO opuscollege.opususerrole (id, role, username, organizationalunitid) VALUES (675, 'teacher', 'teacher_675', 18);
INSERT INTO opuscollege.person (id, personCode, surnameFull , firstnamesFull ,  genderCode,   birthdate) VALUES (676 , 'personcode676', 'teacher_676', 'a', '1', '1970-01-01'  );
INSERT INTO opuscollege.staffmember (staffmemberid, personid, staffmembercode, primaryunitofappointmentid) VALUES (676, 676, 'staffcode676', 18);
INSERT INTO opuscollege.opususer (id, personid, username, pw, preferredorganizationalunitid) VALUES (676, 676, 'teacher_676', '900150983cd24fb0d6963f7d28e17f72', 18);
INSERT INTO opuscollege.opususerrole (id, role, username, organizationalunitid) VALUES (676, 'teacher', 'teacher_676', 18);
INSERT INTO opuscollege.person (id, personCode, surnameFull , firstnamesFull ,  genderCode,   birthdate) VALUES (677 , 'personcode677', 'teacher_677', 'a', '1', '1970-01-01'  );
INSERT INTO opuscollege.staffmember (staffmemberid, personid, staffmembercode, primaryunitofappointmentid) VALUES (677, 677, 'staffcode677', 18);
INSERT INTO opuscollege.opususer (id, personid, username, pw, preferredorganizationalunitid) VALUES (677, 677, 'teacher_677', '900150983cd24fb0d6963f7d28e17f72', 18);
INSERT INTO opuscollege.opususerrole (id, role, username, organizationalunitid) VALUES (677, 'teacher', 'teacher_677', 18);
INSERT INTO opuscollege.person (id, personCode, surnameFull , firstnamesFull ,  genderCode,   birthdate) VALUES (678 , 'personcode678', 'teacher_678', 'a', '1', '1970-01-01'  );
INSERT INTO opuscollege.staffmember (staffmemberid, personid, staffmembercode, primaryunitofappointmentid) VALUES (678, 678, 'staffcode678', 18);
INSERT INTO opuscollege.opususer (id, personid, username, pw, preferredorganizationalunitid) VALUES (678, 678, 'teacher_678', '900150983cd24fb0d6963f7d28e17f72', 18);
INSERT INTO opuscollege.opususerrole (id, role, username, organizationalunitid) VALUES (678, 'teacher', 'teacher_678', 18);
INSERT INTO opuscollege.person (id, personCode, surnameFull , firstnamesFull ,  genderCode,   birthdate) VALUES (679 , 'personcode679', 'teacher_679', 'a', '1', '1970-01-01'  );
INSERT INTO opuscollege.staffmember (staffmemberid, personid, staffmembercode, primaryunitofappointmentid) VALUES (679, 679, 'staffcode679', 18);
INSERT INTO opuscollege.opususer (id, personid, username, pw, preferredorganizationalunitid) VALUES (679, 679, 'teacher_679', '900150983cd24fb0d6963f7d28e17f72', 18);
INSERT INTO opuscollege.opususerrole (id, role, username, organizationalunitid) VALUES (679, 'teacher', 'teacher_679', 18);
INSERT INTO opuscollege.person (id, personCode, surnameFull , firstnamesFull ,  genderCode,   birthdate) VALUES (680 , 'personcode680', 'teacher_680', 'a', '1', '1970-01-01'  );
INSERT INTO opuscollege.staffmember (staffmemberid, personid, staffmembercode, primaryunitofappointmentid) VALUES (680, 680, 'staffcode680', 18);
INSERT INTO opuscollege.opususer (id, personid, username, pw, preferredorganizationalunitid) VALUES (680, 680, 'teacher_680', '900150983cd24fb0d6963f7d28e17f72', 18);
INSERT INTO opuscollege.opususerrole (id, role, username, organizationalunitid) VALUES (680, 'teacher', 'teacher_680', 18);
INSERT INTO opuscollege.person (id, personCode, surnameFull , firstnamesFull ,  genderCode,   birthdate) VALUES (681 , 'personcode681', 'teacher_681', 'a', '1', '1970-01-01'  );
INSERT INTO opuscollege.staffmember (staffmemberid, personid, staffmembercode, primaryunitofappointmentid) VALUES (681, 681, 'staffcode681', 18);
INSERT INTO opuscollege.opususer (id, personid, username, pw, preferredorganizationalunitid) VALUES (681, 681, 'teacher_681', '900150983cd24fb0d6963f7d28e17f72', 18);
INSERT INTO opuscollege.opususerrole (id, role, username, organizationalunitid) VALUES (681, 'teacher', 'teacher_681', 18);
INSERT INTO opuscollege.person (id, personCode, surnameFull , firstnamesFull ,  genderCode,   birthdate) VALUES (682 , 'personcode682', 'teacher_682', 'a', '1', '1970-01-01'  );
INSERT INTO opuscollege.staffmember (staffmemberid, personid, staffmembercode, primaryunitofappointmentid) VALUES (682, 682, 'staffcode682', 18);
INSERT INTO opuscollege.opususer (id, personid, username, pw, preferredorganizationalunitid) VALUES (682, 682, 'teacher_682', '900150983cd24fb0d6963f7d28e17f72', 18);
INSERT INTO opuscollege.opususerrole (id, role, username, organizationalunitid) VALUES (682, 'teacher', 'teacher_682', 18);
INSERT INTO opuscollege.person (id, personCode, surnameFull , firstnamesFull ,  genderCode,   birthdate) VALUES (683 , 'personcode683', 'teacher_683', 'a', '1', '1970-01-01'  );
INSERT INTO opuscollege.staffmember (staffmemberid, personid, staffmembercode, primaryunitofappointmentid) VALUES (683, 683, 'staffcode683', 18);
INSERT INTO opuscollege.opususer (id, personid, username, pw, preferredorganizationalunitid) VALUES (683, 683, 'teacher_683', '900150983cd24fb0d6963f7d28e17f72', 18);
INSERT INTO opuscollege.opususerrole (id, role, username, organizationalunitid) VALUES (683, 'teacher', 'teacher_683', 18);
INSERT INTO opuscollege.person (id, personCode, surnameFull , firstnamesFull ,  genderCode,   birthdate) VALUES (684 , 'personcode684', 'teacher_684', 'a', '1', '1970-01-01'  );
INSERT INTO opuscollege.staffmember (staffmemberid, personid, staffmembercode, primaryunitofappointmentid) VALUES (684, 684, 'staffcode684', 18);
INSERT INTO opuscollege.opususer (id, personid, username, pw, preferredorganizationalunitid) VALUES (684, 684, 'teacher_684', '900150983cd24fb0d6963f7d28e17f72', 18);
INSERT INTO opuscollege.opususerrole (id, role, username, organizationalunitid) VALUES (684, 'teacher', 'teacher_684', 18);
INSERT INTO opuscollege.person (id, personCode, surnameFull , firstnamesFull ,  genderCode,   birthdate) VALUES (685 , 'personcode685', 'teacher_685', 'a', '1', '1970-01-01'  );
INSERT INTO opuscollege.staffmember (staffmemberid, personid, staffmembercode, primaryunitofappointmentid) VALUES (685, 685, 'staffcode685', 18);
INSERT INTO opuscollege.opususer (id, personid, username, pw, preferredorganizationalunitid) VALUES (685, 685, 'teacher_685', '900150983cd24fb0d6963f7d28e17f72', 18);
INSERT INTO opuscollege.opususerrole (id, role, username, organizationalunitid) VALUES (685, 'teacher', 'teacher_685', 18);
INSERT INTO opuscollege.person (id, personCode, surnameFull , firstnamesFull ,  genderCode,   birthdate) VALUES (686 , 'personcode686', 'teacher_686', 'a', '1', '1970-01-01'  );
INSERT INTO opuscollege.staffmember (staffmemberid, personid, staffmembercode, primaryunitofappointmentid) VALUES (686, 686, 'staffcode686', 18);
INSERT INTO opuscollege.opususer (id, personid, username, pw, preferredorganizationalunitid) VALUES (686, 686, 'teacher_686', '900150983cd24fb0d6963f7d28e17f72', 18);
INSERT INTO opuscollege.opususerrole (id, role, username, organizationalunitid) VALUES (686, 'teacher', 'teacher_686', 18);
INSERT INTO opuscollege.person (id, personCode, surnameFull , firstnamesFull ,  genderCode,   birthdate) VALUES (687 , 'personcode687', 'teacher_687', 'a', '1', '1970-01-01'  );
INSERT INTO opuscollege.staffmember (staffmemberid, personid, staffmembercode, primaryunitofappointmentid) VALUES (687, 687, 'staffcode687', 18);
INSERT INTO opuscollege.opususer (id, personid, username, pw, preferredorganizationalunitid) VALUES (687, 687, 'teacher_687', '900150983cd24fb0d6963f7d28e17f72', 18);
INSERT INTO opuscollege.opususerrole (id, role, username, organizationalunitid) VALUES (687, 'teacher', 'teacher_687', 18);
INSERT INTO opuscollege.person (id, personCode, surnameFull , firstnamesFull ,  genderCode,   birthdate) VALUES (688 , 'personcode688', 'teacher_688', 'a', '1', '1970-01-01'  );
INSERT INTO opuscollege.staffmember (staffmemberid, personid, staffmembercode, primaryunitofappointmentid) VALUES (688, 688, 'staffcode688', 18);
INSERT INTO opuscollege.opususer (id, personid, username, pw, preferredorganizationalunitid) VALUES (688, 688, 'teacher_688', '900150983cd24fb0d6963f7d28e17f72', 18);
INSERT INTO opuscollege.opususerrole (id, role, username, organizationalunitid) VALUES (688, 'teacher', 'teacher_688', 18);
INSERT INTO opuscollege.person (id, personCode, surnameFull , firstnamesFull ,  genderCode,   birthdate) VALUES (689 , 'personcode689', 'teacher_689', 'a', '1', '1970-01-01'  );
INSERT INTO opuscollege.staffmember (staffmemberid, personid, staffmembercode, primaryunitofappointmentid) VALUES (689, 689, 'staffcode689', 18);
INSERT INTO opuscollege.opususer (id, personid, username, pw, preferredorganizationalunitid) VALUES (689, 689, 'teacher_689', '900150983cd24fb0d6963f7d28e17f72', 18);
INSERT INTO opuscollege.opususerrole (id, role, username, organizationalunitid) VALUES (689, 'teacher', 'teacher_689', 18);
INSERT INTO opuscollege.person (id, personCode, surnameFull , firstnamesFull ,  genderCode,   birthdate) VALUES (690 , 'personcode690', 'teacher_690', 'a', '1', '1970-01-01'  );
INSERT INTO opuscollege.staffmember (staffmemberid, personid, staffmembercode, primaryunitofappointmentid) VALUES (690, 690, 'staffcode690', 18);
INSERT INTO opuscollege.opususer (id, personid, username, pw, preferredorganizationalunitid) VALUES (690, 690, 'teacher_690', '900150983cd24fb0d6963f7d28e17f72', 18);
INSERT INTO opuscollege.opususerrole (id, role, username, organizationalunitid) VALUES (690, 'teacher', 'teacher_690', 18);
INSERT INTO opuscollege.person (id, personCode, surnameFull , firstnamesFull ,  genderCode,   birthdate) VALUES (691 , 'personcode691', 'teacher_691', 'a', '1', '1970-01-01'  );
INSERT INTO opuscollege.staffmember (staffmemberid, personid, staffmembercode, primaryunitofappointmentid) VALUES (691, 691, 'staffcode691', 18);
INSERT INTO opuscollege.opususer (id, personid, username, pw, preferredorganizationalunitid) VALUES (691, 691, 'teacher_691', '900150983cd24fb0d6963f7d28e17f72', 18);
INSERT INTO opuscollege.opususerrole (id, role, username, organizationalunitid) VALUES (691, 'teacher', 'teacher_691', 18);
INSERT INTO opuscollege.person (id, personCode, surnameFull , firstnamesFull ,  genderCode,   birthdate) VALUES (692 , 'personcode692', 'teacher_692', 'a', '1', '1970-01-01'  );
INSERT INTO opuscollege.staffmember (staffmemberid, personid, staffmembercode, primaryunitofappointmentid) VALUES (692, 692, 'staffcode692', 18);
INSERT INTO opuscollege.opususer (id, personid, username, pw, preferredorganizationalunitid) VALUES (692, 692, 'teacher_692', '900150983cd24fb0d6963f7d28e17f72', 18);
INSERT INTO opuscollege.opususerrole (id, role, username, organizationalunitid) VALUES (692, 'teacher', 'teacher_692', 18);
INSERT INTO opuscollege.person (id, personCode, surnameFull , firstnamesFull ,  genderCode,   birthdate) VALUES (693 , 'personcode693', 'teacher_693', 'a', '1', '1970-01-01'  );
INSERT INTO opuscollege.staffmember (staffmemberid, personid, staffmembercode, primaryunitofappointmentid) VALUES (693, 693, 'staffcode693', 18);
INSERT INTO opuscollege.opususer (id, personid, username, pw, preferredorganizationalunitid) VALUES (693, 693, 'teacher_693', '900150983cd24fb0d6963f7d28e17f72', 18);
INSERT INTO opuscollege.opususerrole (id, role, username, organizationalunitid) VALUES (693, 'teacher', 'teacher_693', 18);
INSERT INTO opuscollege.person (id, personCode, surnameFull , firstnamesFull ,  genderCode,   birthdate) VALUES (694 , 'personcode694', 'teacher_694', 'a', '1', '1970-01-01'  );
INSERT INTO opuscollege.staffmember (staffmemberid, personid, staffmembercode, primaryunitofappointmentid) VALUES (694, 694, 'staffcode694', 18);
INSERT INTO opuscollege.opususer (id, personid, username, pw, preferredorganizationalunitid) VALUES (694, 694, 'teacher_694', '900150983cd24fb0d6963f7d28e17f72', 18);
INSERT INTO opuscollege.opususerrole (id, role, username, organizationalunitid) VALUES (694, 'teacher', 'teacher_694', 18);
INSERT INTO opuscollege.person (id, personCode, surnameFull , firstnamesFull ,  genderCode,   birthdate) VALUES (695 , 'personcode695', 'teacher_695', 'a', '1', '1970-01-01'  );
INSERT INTO opuscollege.staffmember (staffmemberid, personid, staffmembercode, primaryunitofappointmentid) VALUES (695, 695, 'staffcode695', 18);
INSERT INTO opuscollege.opususer (id, personid, username, pw, preferredorganizationalunitid) VALUES (695, 695, 'teacher_695', '900150983cd24fb0d6963f7d28e17f72', 18);
INSERT INTO opuscollege.opususerrole (id, role, username, organizationalunitid) VALUES (695, 'teacher', 'teacher_695', 18);
INSERT INTO opuscollege.person (id, personCode, surnameFull , firstnamesFull ,  genderCode,   birthdate) VALUES (696 , 'personcode696', 'teacher_696', 'a', '1', '1970-01-01'  );
INSERT INTO opuscollege.staffmember (staffmemberid, personid, staffmembercode, primaryunitofappointmentid) VALUES (696, 696, 'staffcode696', 18);
INSERT INTO opuscollege.opususer (id, personid, username, pw, preferredorganizationalunitid) VALUES (696, 696, 'teacher_696', '900150983cd24fb0d6963f7d28e17f72', 18);
INSERT INTO opuscollege.opususerrole (id, role, username, organizationalunitid) VALUES (696, 'teacher', 'teacher_696', 18);
INSERT INTO opuscollege.person (id, personCode, surnameFull , firstnamesFull ,  genderCode,   birthdate) VALUES (697 , 'personcode697', 'teacher_697', 'a', '1', '1970-01-01'  );
INSERT INTO opuscollege.staffmember (staffmemberid, personid, staffmembercode, primaryunitofappointmentid) VALUES (697, 697, 'staffcode697', 18);
INSERT INTO opuscollege.opususer (id, personid, username, pw, preferredorganizationalunitid) VALUES (697, 697, 'teacher_697', '900150983cd24fb0d6963f7d28e17f72', 18);
INSERT INTO opuscollege.opususerrole (id, role, username, organizationalunitid) VALUES (697, 'teacher', 'teacher_697', 18);
INSERT INTO opuscollege.person (id, personCode, surnameFull , firstnamesFull ,  genderCode,   birthdate) VALUES (698 , 'personcode698', 'teacher_698', 'a', '1', '1970-01-01'  );
INSERT INTO opuscollege.staffmember (staffmemberid, personid, staffmembercode, primaryunitofappointmentid) VALUES (698, 698, 'staffcode698', 18);
INSERT INTO opuscollege.opususer (id, personid, username, pw, preferredorganizationalunitid) VALUES (698, 698, 'teacher_698', '900150983cd24fb0d6963f7d28e17f72', 18);
INSERT INTO opuscollege.opususerrole (id, role, username, organizationalunitid) VALUES (698, 'teacher', 'teacher_698', 18);
INSERT INTO opuscollege.person (id, personCode, surnameFull , firstnamesFull ,  genderCode,   birthdate) VALUES (699 , 'personcode699', 'teacher_699', 'a', '1', '1970-01-01'  );
INSERT INTO opuscollege.staffmember (staffmemberid, personid, staffmembercode, primaryunitofappointmentid) VALUES (699, 699, 'staffcode699', 18);
INSERT INTO opuscollege.opususer (id, personid, username, pw, preferredorganizationalunitid) VALUES (699, 699, 'teacher_699', '900150983cd24fb0d6963f7d28e17f72', 18);
INSERT INTO opuscollege.opususerrole (id, role, username, organizationalunitid) VALUES (699, 'teacher', 'teacher_699', 18);
